sample_id,target
ID1001187975__Dry_Clover_g,4.270954373934895
ID1001187975__Dry_Dead_g,27.44355257736442
ID1001187975__Dry_Green_g,10.068670722283802
ID1001187975__Dry_Total_g,42.23877607686147
ID1001187975__GDM_g,10.643784580438627
